17,05.30 - 06.10,David Edward Bruschi,35+5,Elements and applications of Relativistic Quantum Information
17,06.10 - 06.50,Gordon Semenoff,35+5,Infrared Quantum Information
17,06.50 - 07.30,Dmitry Gorbunov,35+5,Gravity Wave signatures of Electroweak Phase Transition in Split NMSSM
17,08.00 - 08.40,Nikos Mavromatos,35+5,"Self-Interacting Dark Matter, Right-Handed Neutrinos and Small-Scale Cosmology ``Crisis''"
17,08.40 - 09.20,ATLAS,35+5,Collider searches for DM (ATLAS+CMS)
17,11.30 - 12.10,Vladimir Zelevinsky,35+5,Chaotic Quantum Many-Body Systems and Philosophy of Thermalization
17,12.10 - 12.50,Boris Kopeliovich,35+5,Fragmentation of highly virtual partons
17,12.50 - 13.30,Laszlo Csernai,35+5,"Advances in Relativistic Fluid Dynamics, Observables, and Applications"
17,13.30 - 14.10,Evgeny Zabrodin,35+5,Fluctuations and correlations
17,16.00 - 17.30,,25+5,Culture event in OAC and talk by Katerina Karkala
17,18.15 - 19.15,,55+5,Talk history of Crete in the veranda by Emanuela Larentzakis
18,06.00 - 06.30,Wim De Boer,25+5,Perspectives on Detection of  supersymmetric Dark Matter
18,06.00 - 06.30,Willibald Plessas,25+5,Pion-Dressing Effects in Nucleon and Delta Masses and Form Factors
18,06.30 - 07.00,Hugo Reinhardt,25+5,Hamiltonian approach to QCD in Coulomb gauge
18,06.30 - 07.00,Yongmin CHO,25+5,Cosmic Electroweak Monopole
18,07.00 - 07.30,Mario Mitter,25+5,"Quark, gluon and meson correlators of unquenched QCD"
18,07.00 - 07.30,John Ellis,25+5,"LHC Constraint on Light-by-light Scattering, Born-Infeld theory and the mass of an Electroweak Monopole"
18,08.00 - 08.30,sarben sarkar,25+5,Magnetic Monopoles from Global Monopoles in the presence of a Kalb-Ramond Field
18,08.00 - 08.30,Dirk Rischke,25+5,Anisotropic dissipative fluid dynamics
18,08.30 - 09.00,Carsten Greiner,25+5,Comparison of hydrodynamical and transport theoretical calculations for p+A and A+A collisions
18,08.30 - 09.00,Laura Patrizii,25+5,Status of the searches for Magnetic Monopoles
18,09.00 - 09.30,Frederik Lauber,25+5,Magnetic monopole searches with IceCube
18,09.00 - 09.30,Gottfried Münzenberg,25+5,Super Heavy Elements -  experimental developments
18,09.30 - 10.00,Igor Mishustin,25+5,Greiner and exotic matter
18,09.30 - 10.00,Adrian Bevan,25+5,Searching for monopoles in polar ice samples
18,10.00 - 10.30,Mikhail Itkis,25+5,Experimental investigation of fusion-fission mechanisms for superheavy nuclei
18,12.00 - 12.30,Christian Schubert,25+5,Form factor decompositions of the QCD four-gluon vertex
18,12.00 - 12.30,James Pinfold,25+5,"The MoEDAL Experiment Past, Present and Future."
18,12.30 - 13.00,Richard Soluk,25+5,The MoEDAL Detector at the LHC
18,12.30 - 13.00,James Edwards,25+5,Worldline colour fields and non-Abelian quantum field theory
18,13.30 - 14.00,Leonid Glozman,25+5,SU(2N_F) symmetry of confinement in QCD and its observation at high T
18,14.00 - 14.30,Thierry Grandou,25+5,Effective locality and non-abelian gauge-invariance
18,14.00 - 14.30,Igor Ostrovskiy,25+5,Searching for magnetic monopoles with Solid State Breakdown Counters: from LHC to Space
18,14.30 - 15.00,Ryo Yoshiike,25+5,Non-linear effect of the fluctuation for the inhomogeneous chiral phase transition
18,14.30 - 15.00,Oliver Gould,25+5,Magnetic monopole production in heavy ion collisions
18,15.10 - 15.40,Jonathan Hays,25+5,"Machine LEarning, Monopoles and MoEDAL"
18,15.40 - 16.10,Daniela Bauer,25+5,Distributed Computing for Small Collaborations
18,16.10 - 16.30,Arka Santra,15+5,Magnetic monopole production in photon fusion process.
18,16.30 - 17.00,"Vasiliki Mitsou, Oscar Manuel Vives Garcia, Kazuki Sakurai, Roberto Ruiz De Austri",25+5,Long-lived charged supersymmetric particles and MoEDAL
18,18.30 - 20.00,,25+5,Welcome drink and concert of classical music
19,05.30 - 05.55,Maxime Gouzevitch,20+5,Introduction to the Mini-Workshop on Latest Results and New Physics in the Higgs Sector
19,05.55 - 06.25,ATLAS,25+5,BEH overview (ATLAS)
19,06.30 - 07.00,Yongmin CHO,25+5,Weyl symmetric Abelian Decomposition and Monopole
19,06.30 - 07.00,Anna Kropivnitskaya,25+5,Higgs parameters measurement with CMS data
19,07.00 - 07.30,Ralf Hofmann,25+5,SU(2) Yang-Mills thermodynamics: a priori estimate and radiative corrections
19,07.00 - 07.30,ATLAS,25+5,Measurement of cross sections and couplings of the Higgs Boson in fermionic production and decay modes with the ATLAS detector
19,08.00 - 08.30,Valeria Botta,25+5,Measurements of the Higgs H(125) boson at CMS
19,08.00 - 08.25,Andrey Kotov,20+5,Confinement-deconfinement phase transition in two-color QCD with nonzero baryon density
19,08.25 - 08.50,Igor Bogolubsky,20+5,Gluon correlators and gluon effective mass in lattice QCD
19,08.30 - 08.55,"Asma Hadef, Asma Hadef",20+5,ttH Coupling Measurement with the ATLAS Detector at the LHC
19,08.50 - 09.20,Sigurd Hofmann,25+5,Eighty Years of Research on Super-heavy Elements
19,08.55 - 09.25,Oleg Lebedev,25+5,The Higgs and cosmology
19,09.20 - 09.50,Stefan Schramm,25+5,TBA
19,09.25 - 09.55,Junquan Tao,25+5,Search for rare and exotic Higgs Boson decay modes at CMS
19,09.50 - 10.20,Alexander Sorin,25+5,Vorticity and polarization in baryon-rich matter formed in heavy ion collisions
19,09.55 - 10.25,ATLAS,25+5,Search for rare and exotic Higgs Boson decay modes and Higgs boson pair production with the ATLAS detector
19,12.00 - 12.30,ATLAS,25+5,Electron and Photon ID
19,12.00 - 12.30,David Dudal,25+5,The linear covariant gauge beyond perturbation theory
19,12.00 - 12.30,Viktor Riabov,25+5,Resonance production in Pb-Pb collisions measured with the ALICE experiments at the LHC
19,12.00 - 12.30,Pier Paolo Giardino,25+5,Single Higgs production at LHC as a probe for anomalous Higgs self coupling
19,12.00 - 12.30,Violetta Sagun,25+5,Neutron stars equation of state consistent with high-energy nuclear physics data
19,12.00 - 12.30,Larissa Bravina,25+5,TBA
19,12.30 - 13.00,Cristina Bedda,25+5,Measurements of D-meson production in p-Pb and Pb-Pb collisions with the ALICE detector at the LHC
19,12.30 - 13.00,Alexandre Gumberidze,25+5,Atomic physics with highly-charged heavy ions at GSI/FAIR
19,12.30 - 13.00,Christian Lang,25+5,Hadron Resonances from Lattice QCD
19,12.30 - 13.00,Samuel Louis Bein,25+5,"CMS Search for new physics in events with jets, b-tagged jets, and large missing transverse momentum in the all-hadronic channel at √s = 13 TeV"
19,12.30 - 13.00,Konstantin Androsov,25+5,Search for new physics in HH final state in CMS
19,13.30 - 14.00,Maria Vasileiou,25+5,Transverse momentum spectra and nuclear modification factors of identified charged hadrons in p-Pb and Pb-Pb collisions at √sNN  = 5.02 TeV with ALICE
19,13.30 - 14.00,ATLAS,25+5,Search for neutral and charged BSM Higgs Bosons with the ATLAS detector
19,13.30 - 13.50,ATLAS,15+5,Inclusive searches for squarks and gluinos with the ATLAS detector
19,13.30 - 13.55,Ahmed Bakry,20+5,Stiff self-interacting strings in high temperature phase of QCD.
19,13.30 - 14.00,Alexandros Gezerlis,25+5,Strongly interacting matter in neutron stars
19,13.30 - 14.00,Dorin  Poenaru,25+5,Alpha and cluster decay of few super heavy nuclei. Under barrier fusion to produce Super heavy Nuclei.
19,13.50 - 14.15,Athina Kourkoumeli-Charalambidi,20+5,Searches for electroweak production of supersymmetric gauginos and sleptons with the ATLAS detector
19,14.00 - 14.30,CHHANDA SAMANTA,25+5,Superheavy Nuclei to Hypernuclei: A Tribute to Walter Greiner
19,14.00 - 14.30,Agnieszka Łuszczak,25+5,"“Dipole model analysis of highest precision HERA data, including very low Q^2”"
19,14.00 - 14.30,Varvara Batozskaya,25+5,Measurements of the CP violating phase phi_s at LHCb
19,14.00 - 14.30,Luca Panizzi,25+5,Phenomenological scenarios to fit a possible excess in the di-muon + jets channel
19,14.15 - 14.45,Sergey Polikarpov,25+5,Recent CMS B physics results
19,14.30 - 15.00,Evgeni Kolomeitsev,25+5,Fluctuations in non-ideal pion gas with dynamically fixed particle number
19,14.30 - 15.00,Luigi Marchese,25+5,Measurement of $Z \rightarrow b\bar{b}$ cross section and search for Higgs-like particle produced in association with b quarks at CDF
19,14.30 - 15.00,Nabanita Dasgupta-Schubert,25+5,Predictability analysis of α decay formulae and the α partial half-lives of exotic nuclei.
19,15.00 - 15.30,Sergei Voloshin,25+5,Vorticity and global polarization in heavy ion collisions
19,15.00 - 15.30,Justin Andrew Williams,25+5,Search for Anomalous Quartic Photon Coupling at the LHC
19,16.00 - 17.30,,25+5,Culture event
21,05.30 - 06.00,John Ellis,25+5,What Physics Beyond the Standard Model?
21,06.00 - 06.30,Malgorzata Kazana,25+5,CMS Overview
21,06.30 - 07.00,ATLAS,25+5,ATLAS overview highlight talk
21,07.00 - 07.30,Yasmine Sarah Amhis,25+5,LHCb overview
21,08.00 - 08.30,Roman Kolevatov,25+5,Cosmological bounce and Genesis beyond Horndeski
21,08.00 - 08.30,Vladimir Gligorov,25+5,Flavourful roads to New Physics
21,08.00 - 08.30,Maria Chekhova,25+5,"Phase supersensitivity in an unbalanced SU(1,1) interferometer"
21,08.30 - 09.00,U L Andersen,25+5,Squeezed light enhanced sensing of a micro-mechanical oscillator
21,08.30 - 09.00,Victoria Volkova,25+5,On perturbations in Horndeski theories
21,08.30 - 09.00,Rainer Mankel,25+5,ATLAS and CMS prospects for Higgs measurements and searches at the high luminosity LHC
21,09.00 - 09.30,Radim Filip,25+5,Highly nonlinear quantum optics and optomechanics
21,09.00 - 09.30,Paul Saffin,25+5,Fermions from Oscillons
21,09.00 - 09.30,Marek Karliner,25+5,Prediction and discovery of doubly-heavy baryon
21,09.30 - 10.00,Christian Ralf Müller,25+5,From Quantum-Limited Measurements towards Quantum Squeezing Detection over Satellite Links
21,09.30 - 10.00,Igor Mishustin,25+5,Self-consistent calculations of supernova matter
21,09.30 - 10.00,Torsten Dahms,25+5,ALICE Overview
21,10.00 - 10.30,Ryuji Takeishi,25+5,Observation of ultra-high energy cosmic rays with the Telescope Array experiment
21,10.00 - 10.30,Silvio Donato,25+5,Overview talk on trigger performances (CMS)
21,10.00 - 10.30,Jaroslav Bielcik,25+5,Overview of recent heavy-flavor and jet results from STAR
21,12.00 - 12.30,Dominik Werthmüller,25+5,Exotic Baryons at MAMI
21,12.00 - 12.20,Vladimir Shevchenko,15+5,Quantum measurements in finite space-time domain
21,12.00 - 12.50,Nicolas Berger,45+5,Lecture on Statistical analysis methods by ATLAS
21,12.00 - 12.30,Kostas Glampedakis,25+5,Observationally constraining gravitational wave emission from short gamma-ray burst remnants
21,12.00 - 12.30,Vladimir Zelevinsky,25+5,Introduction
21,12.20 - 12.40,Aurelian Isar,15+5,Dynamics of quantum correlations in two-mode Gaussian open quantum systems
21,12.30 - 13.00,Georgy Burde,25+5,Relativity with a preferred frame. Astrophysical and cosmological implications
21,12.30 - 13.00,Peter Ring,25+5,Covariant density functionals in nuclear physics and their microscopic origin.
21,12.30 - 13.00,Johan Messchendorp,25+5,Prospects for Exotic Hadron Spectroscopy at PANDA
21,12.40 - 13.00,Mihaescu Tatiana,15+5,Gaussian quantum steering of two bosonic modes in a squeezed thermal environment
21,13.30 - 14.00,Fabio Cappella,25+5,Search for rare processes with DAMA experimental set-ups
21,13.30 - 14.00,Thomas Josua Mettler,25+5,The Short Baseline Neutrino Detector at Fermilab
21,13.30 - 14.00,Michael Urin,25+5,DAMPING OF SIMPLE MODES OF HIGH-ENERGY NUCLEAR EXCITATIONS
21,13.30 - 14.00,Ladislav Mista,25+5,Gaussian intrinsic entanglement
21,13.30 - 14.10,Jianbin Jiao,35+5,light exotic hadrons at BESIII
21,14.00 - 14.30,Antonio Sbrizzi,25+5,The LUCID-2 detector
21,14.00 - 14.30,Petros Wallden,25+5,Relativistic and Device Independent Verifiable Quantum Computation
21,14.00 - 14.30,Elena Litvinova,25+5,Isospin dynamics in nuclear structure
21,14.10 - 14.40,Hideko Nagahiro,25+5,Structure of excited charmed baryons studied by pion emission decays
21,14.30 - 15.00,Oleg Sushkov,25+5,Bose condensation of triplons in quantum magnets
21,14.30 - 14.50,Matthew Thornton,15+5,Gigahertz quantum signatures compatible with telecommunication technologies
21,14.30 - 15.00,Murat Ali Guler,25+5,Directional dark matter search with nuclear emulsion
21,14.40 - 15.00,Atsushi Hosaka,15+5,Heavy hadron production for the study of their structure
21,14.50 - 15.10,Tom Douce,15+5,Quantum advantage and fault tolerant universal quantum computing in continuous variables
21,15.00 - 15.40,H. Noumi,35+5,Strange and Charm Baryon Spectroscopy at J-PARC
21,15.00 - 15.50,Avshalom Elitzur,45+5,Would Nega-Particles Prove to be Essential Ingredients of Quantum Reality?
21,15.40 - 16.00,Milena Piotrowska,15+5,Excited vector mesons: phenomenology and predictions for a yet unknown vector $\bar{s}s$ state with a mass of about 1.93 GeV
21,16.30 - 17.30,Frederic Lassiaille,55+5,Surrounding matter theory
21,16.30 - 17.30,HEXI SHI,55+5,Search for the violation of Pauli principle at LNGS - first physics result of VIP2 experiment
21,16.30 - 17.00,Andre Sopczak,25+5,ttH Coupling Measurement with the ATLAS Detector at the LHC
21,16.30 - 17.30,Wim De Boer,55+5,Molecular Clouds as the Origin of the Gamma-Ray GeV excess
21,16.30 - 17.30,marjan abbasipour,55+5,Modification of Material Surface by Plasma
21,16.30 - 17.30,Igor Bulyzhenkov,55+5,Gravity until equipartition of relativistic kinetic energies.
21,16.30 - 17.30,Timur Kamalov,55+5,Quantum Correction for Newton’s Law of Motion
21,16.30 - 17.30,CHHANDA SAMANTA,55+5,A-dependence of $\Lambda\Lambda$-bond and charge symmetry energies
21,16.30 - 17.30,shihan sajeed,55+5,Insecurity of detector-device-independent quantum key distribution
21,16.30 - 17.30,"Luigi Marchese, Luigi Marchese",55+5,muon performance
21,16.30 - 17.30,Alessandro Romito,55+5,Thermodynamics along individual trajectories of a quantum bit
21,16.30 - 17.30,Jorge Bernal Arroyo,55+5,New Mathematical Formulation of the Correspondence Principle
21,16.30 - 17.30,Gopinath Kamath,55+5,Cylindrical symmetry: II. The Green’s function in 3 + 1 dimensional curved space
21,16.30 - 17.30,Luis Gonzalez-Mestres,55+5,New particles and nonstandard new Physics
21,16.30 - 17.30,Valerio Mascagna,55+5,Experimental technique for $\mathrm{\bar{p}}$-nucleus annihilation cross section measurements at low energy
21,16.30 - 17.30,Luca Venturelli,55+5,Antiproton-nucleus annihilation cross section at low energy
21,16.30 - 17.30,Christian Farnese,55+5,The new front end and DAQ of the ICARUS detector
21,16.30 - 17.30,Ryan Parker,55+5,Hybrid Photonic Loss Resilient Entanglement Swapping
21,16.30 - 17.30,"Virendrasinh H. Kher, Nayneshkumar Devlani, Ajay Kumar Rai",55+5,Radiative transitions and the mixing parameters of the D meson
21,16.30 - 17.30,"Zalak Marfatia, Ajay Kumar Rai",55+5,Heavy baryon spectroscopy in Hypercentral constituent quark model
21,16.30 - 17.30,Adam Balcerzak,55+5,Varying constants quantum cosmologies
21,16.30 - 17.30,Yifan Cheng,55+5,Possible Approach to Dynamical Supersymmetry Breaking via Nambu--Jona-Lasinio Model
21,16.30 - 17.30,Georgios Karathanasis,55+5,The new CMS Barrel Muon Track Finder
21,16.30 - 17.30,Alexander Joan Cristo Juárez-Domínguez,55+5,Quantization Aspects of a Hypercomplex Field
21,16.30 - 17.30,Swagata Mukherjee,55+5,Search for R-parity violating supersymmetry and Quantum black-holes in e+mu final state in CMS
21,16.30 - 17.30,Ömer Bayraktar,55+5,Experimental Relativistic Quantum Information with a Geostationary Satellite
21,16.30 - 17.30,Andrea Lavagno,55+5,Nuclear phase transition and thermodynamic instabilities in dense nuclear matter
21,16.30 - 17.30,Mohammad M. Qaemmaqami,55+5,On the Butterfly Effect in 3D Gravity
21,16.30 - 17.30,Anna Stakia,55+5,"Search for supersymmetry in events with one lepton, multiple jets and missing transverse momentum in proton-proton collisions at √s = 13 TeV"
21,16.30 - 17.30,Anna Stakia,55+5,Jet-flavour tagging using deep-learning in the CMS experiment
21,16.30 - 17.30,Ralf Seidl,55+5,Latest results on azimuthal anisotropy at RHIC-PHENIX
21,17.00 - 17.30,Elisaveta Zherebtsova,25+5,Procedure for event characterization in Pb-Pb collisions at 40AGeV in the NA49 experiment at CERN SPS
21,17.10 - 17.30,Laszlo Csernai,15+5,Applications of Advances in Relativistic Fluid Dynamics to Laser Fusion
21,17.10 - 17.30,Cristiano Sebastiani,15+5,Search for displaced lepton jets with the ATLAS experiment
21,17.10 - 17.30,Oleksii Ivanytskyi,15+5,On bimodal size distribution of spin clusters in the one-dimensional Ising model
22,05.30 - 06.00,Angelo Bassi,25+5,Models of spontaneous wave function collapse: what they are and how they can be tested
22,06.00 - 06.45,Michael Berry,40+5,Nature's optics and our understanding of light
22,06.45 - 07.30,Yakir Aharonov,40+5,Finally making sense of the double-slit experiment
22,08.00 - 08.30,Vincenzo Caracciolo,25+5,DAMA/LIBRA results and perspectives
22,08.00 - 08.30,Arkady Vainshtein,25+5,Some Aspects of Neutron-Antineutron Oscillation
22,08.00 - 08.30,Claude Fabre,25+5,"Quantum Frequency Combs: generation, characterization and applications"
22,08.00 - 08.40,Stephen Lars Olsen,35+5,The X(3872) and other charmonium puzzles
22,08.30 - 09.00,Nicolas Menicucci,25+5,Continuous quantum variables: from quantum computing to relativistic quantum information
22,08.30 - 09.00,Alexander Volya,25+5,Exploring collective modes in mesoscopic systems with new techniques
22,08.30 - 09.00,Petr Blaschke,25+5,"Pedal coordinate, dark Kepler and other force problems"
22,08.40 - 09.20,Xiao-Rui Lyu,35+5,Z_c states observed in pipi transitions to charmonium states
22,09.00 - 09.30,Martin Stahlberg,25+5,Direct dark matter search with ultra-low thresholds in the CRESST-III experiment
22,09.00 - 09.30,David Edward Bruschi,25+5,Work is the source of gravity
22,09.00 - 09.30,Peter Schuck,25+5,Quartet condensation in nuclear systems
22,09.20 - 10.00,Alex Bondar,35+5,Charged bottomonium-like states at Belle
22,09.30 - 10.00,Eduard Saperstein,25+5,Self-consistent description of particle-phonon coupling effects. Pole and tadpole diagrams.
22,09.30 - 10.00,Sorin Paraoanu,25+5,Tripartite continuous-variables coherence and entanglement from vacuum fluctuations
22,10.00 - 10.40,Zhi-yong Wang,35+5,Vector states above open charm threshold
22,10.00 - 10.30,Marek Ploszajczak,25+5,The Gamow Shell Model - Towards the unified theory of nuclear structure and reactions
22,12.00 - 12.30,Silvia Goy Lopez,25+5,Overview talk on detector performances (CMS)
22,12.00 - 12.40,Roman Mizuk,35+5,Vector bottomonium-like states at Belle
22,12.00 - 12.20,Alexander Rudenko,15+5,$f_1 (1285) \to e^+e^-$ decay and direct $f_1$ production in $e^+e^-$ collisions
22,12.00 - 12.25,Mina Katramatou,20+5,Active Learning Teaching for Introductory Physics
22,12.00 - 12.30,Keiko Nagao,25+5,Anisotropy of dark matter velocity distribution measured with directional detection
22,12.20 - 12.40,Luca Lista,15+5,Top-quark results at CMS
22,12.20 - 12.40,Avi Pe'er,15+5,Ultrafast Quantum Key Distribution with Ultra-Broad Squeezed Light
22,12.25 - 12.50,Gerassimos Petratos,20+5,Trends in Undergraduate Physics Education in the US
22,12.30 - 13.00,Boris Sharkov,25+5,New Capabilities of Modern Accelerators for Heavy Ion  Nuclear Physics
22,12.40 - 13.00,Kai Zhu,15+5,BES III future prospects in exotic hadron spectroscopy
22,12.40 - 13.00,Théo Torres Vicente,15+5,Observing superradiance in a vortex flow
22,13.30 - 14.00,Dmitry Karlovets,25+5,Quantum scattering beyond the plane-wave approximation
22,13.30 - 14.10,Tomasz Skwarnicki,35+5,Exotic meson candidates from amplitude analyses of B meson decays
22,13.30 - 14.00,Andrzej Dragan,25+5,Counting Unruh particles
22,13.30 - 13.55,Georgios Fanourakis,20+5,The European Researchers' Night: concepts and impact
22,13.30 - 14.00,Theodoros Geralis,25+5,Development of Micro Pattern Gas Detectors for HEP and Nucler Physics experiments and applications
22,13.55 - 14.20,Helen Gourlay,20+5,Learning about A Level Physics students’ understandings of particle physics using concept mapping
22,14.00 - 14.20,Maxime Jacquet,15+5,Mixing of positive and negative frequency waves at the optical horizon
22,14.00 - 14.30,Mirzayusuf Musakhanov,25+5,"Gluons, Heavy and Light Quarks in the QCD Vacuum"
22,14.00 - 14.30,Marco Radici,25+5,Electron Ion Collider: 3D-Imaging the Nucleon
22,14.10 - 14.50,Liming Zhang,35+5,Pentaquark candidates in LHCb
22,14.20 - 14.40,Woods Mischa,15+5,Autonomous quantum machines and finite sized clocks
22,14.20 - 14.45,Antonios Leisos,20+5,The Hellenic Open University Cosmic Ray Telescope: Research and Educational Activities
22,14.30 - 15.00,Masayuki Koga,25+5,KamLAND-Zen 800 status and future prospects
22,14.30 - 15.00,Jamal Jalilian-Marian,25+5,Azimutal angular correlations in high energy processes in QCD
22,14.40 - 15.10,Vesna Berec,25+5,Quantum networks: topology and spectral characterization
22,14.45 - 15.10,Lazaros Merakos,20+5,Opening up Greek Universities: opencourses.gr
22,14.50 - 15.10,,15+5,Discussion
22,15.00 - 15.30,Christian Farnese,25+5,The ICARUS experiment
22,16.30 - 17.30,John Ellis,55+5,What are we? Where do we come from? Where are we going?
23,05.30 - 06.00,Eliahu Cohen,25+5,Novel aspects of nonlocality - theory and experiment
23,06.00 - 06.45,Ivette Fuentes,40+5,Gravity in the quantum lab
23,06.45 - 07.30,Jens Eisert,40+5,"Quantum simulators, boson sampling, and the quest for superior quantum devices"
23,08.00 - 08.25,Vasiliki Mitsou,20+5,Hunting New Physics with ATLAS [ATLAS]
23,08.00 - 08.30,Anton Chudaykin,25+5,Heavy sterile neutrino with large mixing angle does not contradict cosmology
23,08.00 - 08.30,lorenzo maccone,25+5,"Quantum time mechanism, towards quantum spacetime"
23,08.00 - 08.30,Wei Chen,25+5,Hunting for exotic doubly hidden-charm/bottom $QQ\bar Q\bar Q$ tetraquark states
23,08.25 - 08.50,Anastasia Karavdina,20+5,Exotica searches at CMS
23,08.30 - 09.00,Olga Solovjeva,25+5,Charmed states on the lattice
23,08.30 - 09.00,Ralf Schuetzhold,25+5,Fundamental quantum effects in the laboratory?
23,08.50 - 09.20,Alexandra Carvalho Antunes De Oliveira,25+5,New Searches in High Energy Particle Physics
23,09.00 - 09.30,Alexander Borisov,25+5,Exotic events in cosmic ray experiments at super high energies: a manifestation of New Physics?
23,09.00 - 09.30,Zhiguang Xiao,25+5,"Understanding X(3862), X(3872), and X(3930) in a Friedrichs-model-like scheme"
23,09.20 - 09.50,Peter Senger,25+5,Cosmic matter in the laboratory - the Compressed Baryonic Matter  Experiment at FAIR
23,09.30 - 10.00,Yongmin CHO,25+5,Quark-Gluon Mixing in Abelian Decomposition of QCD
23,09.30 - 10.00,Yuval Gefen,25+5,Manifestation and Detection of Discord in Nanostructures
23,09.50 - 10.20,Vladimir Kekelidze,25+5,Status of the NICA project
23,10.00 - 10.30,Mikhail Mikhasenko,25+5,Amplitude analysis of the exotic states
23,11.45 - 12.00,,10+5,Opening words
23,12.00 - 12.30,Alessandro Romito,25+5,Ubiquitous non-local entanglement with Majorana bound states
23,12.00 - 12.30,Pablo G. Ortega,25+5,Threshold effects in hadron spectrum: a new spectroscopy?
23,12.00 - 12.30,Gerassimos Petratos,25+5,The Quark Parton Model of the Nucleon - Missing Links
23,12.30 - 13.00,Yutaka Shikano,25+5,Quantum Dynamical Simulation by Quantum Walk
23,12.30 - 13.00,Hagop Sazdjian,25+5,Narrow-width tetraquarks in large-N_c QCD
23,12.30 - 13.00,Johan Messchendorp,25+5,Physics perspectives of PANDA at FAIR
23,13.30 - 14.00,Jovan Milosevic,25+5,Sub-leading flow modes in PbPb collisions at $\sqrt{s_{NN}}$ = 2.76 TeV from HYDJET++ model
23,13.30 - 14.00,ATLAS,25+5,"ATLAS Jet Reconstruction, Energy Scale Calibration, and Tagging of Lorentz-boosted Objects"
23,13.30 - 14.00,ATLAS,25+5,Measurement of cross sections and couplings of the Higgs Boson in bosonic decay channels with the ATLAS detector
23,13.30 - 14.00,You Zhou,25+5,Correlations of anisotropic flow in relativistic heavy-ion collisions at the LHC
23,13.30 - 14.00,Lajos Diosi,25+5,Pure state post-selection is universal
23,13.30 - 14.15,Marek Karliner,40+5,Issues at forefront of heavy quark spectroscopy
23,14.00 - 14.30,Angelo Bassi,25+5,Wave function collaspe and gravity
23,14.00 - 14.30,ATLAS,25+5,Measurements of the Vector boson production with the ATLAS Detector
23,14.00 - 14.30,Francesco Giacosa,25+5,Non-exponential decay in a quantum field theoretical treatment
23,14.00 - 14.30,Riccardo Aliberti,25+5,Search for K+ to pi+ nu nu at NA62
23,14.00 - 14.30,Jovan Milosevic,25+5,Heavy Ions (CMS)
23,14.15 - 15.00,Luciano Maiani,40+5,TBA
23,14.30 - 15.00,Walter Marcello Bonivento,25+5,The SHiP experiment at CERN
23,14.30 - 15.00,Arantxa Ruiz Martinez,25+5,"The ATLAS Run-2 Trigger Menu for higher luminosities: Design, Performance and Operational Aspects"
23,14.30 - 15.00,Ron Folman,25+5,"Matter waves exposed to the external world: Decoherence, gravity, complementarity and time irreversibility"
23,14.30 - 15.00,Annapaola De Cosa,25+5,Dark Matter searches at CMS
23,14.30 - 15.00,Letizia Peruzzo,25+5,Search for heavy neutrinos at the NA48 and NA62 experiments at CERN
23,15.00 - 15.30,Roberto Martinez,25+5,Mass problem in the Standard Model
23,15.00 - 15.30,Andrea Alberti,25+5,Testing the superposition principle with individual trapped atoms
23,15.00 - 15.30,,25+5,Round Table Discussion
24,05.30 - 05.50,Malte Christian Wilfert,15+5,COMPASS results on the nucleon spin structure
24,05.30 - 06.10,Latham Boyle,35+5,What is the standard model of particle physics trying to tell us?
24,05.50 - 06.15,Carl Gagliardi,20+5,Probing the Origin of the Proton Spin at STAR
24,06.00 - 06.30,OKAMOTO RYO,25+5,One quantum shutter can close two slits simultaneously
24,06.10 - 06.50,Nadir Bizi,35+5,A Noncommutative Geometry inspired GUT
24,06.15 - 06.40,Ralf Seidl,20+5,PHENIX spin overview
24,06.30 - 07.00,Yu. B.  Ivanov,25+5,Three-fluid Hydrodynamics-based Event Simulator Extended by UrQMD final State interactions  (THESEUS) for FAIR-NICA-SPS-BES/RHIC energies
24,06.30 - 07.00,Avshalom Elitzur,25+5,Novel   manifestations	of  quantum oblivion
24,06.40 - 07.05,Mariusz Przybycien,20+5,Latest results on diffraction at HERA
24,06.50 - 07.30,Shane Farnsworth,35+5,Applications of non-associative geometry in particle physics
24,07.00 - 07.30,Hanna Zbroszczyk,25+5,Two-particle correlations using THERMINATOR model for BES program
24,07.00 - 07.30,Daniel ROHRLICH,25+5,Locality and nonlocality in the interaction-free measurement
24,07.05 - 07.30,Konstantin Goulianos,20+5,Precision RENORM / MBR Diffraction Predictions Tested by Recent LHC Results
24,08.00 - 08.30,Radek Zlebcik,25+5,Jet and photon production and extraction of $\alpha_s$ at HERA.
24,08.00 - 08.40,Koen van den Dungen,35+5,Families of spectral triples and foliations of spacetime
24,08.00 - 08.30,Kyrill Bugaev,25+5,Probing the tricritical endpoint of QCD phase diagram at NICA-FAIR energies
24,08.00 - 08.30,Yakir Aharonov,25+5,The	fascinating  properties of	weak values
24,08.30 - 09.00,Konstantin Gusev,25+5,GERDA: first background free search for neutrinoless double beta decay
24,08.30 - 09.00,Oleksii Ivanytskyi,25+5,Separate freeze-out of strange particles and the quark-hadron phase transition
24,08.30 - 09.00,Michael Berry,25+5,"Faster than Fourier (pre)visited: vorticulture, noise, fractals..."
24,08.40 - 09.20,Tomasz Miller,35+5,Causal relations in noncommutative spacetime
24,09.00 - 09.30,Marcello Bindi,25+5,Future Prospects (ATLAS)
24,09.00 - 09.30,Lev Vaidman,25+5,The controversy about the past of a quantum particle
24,09.20 - 10.00,Nicolas Franco,35+5,Physical models from noncommutative causality
24,09.30 - 10.00,Antoni Marcinek,25+5,New Baryonic and Mesonic Observables from NA61/SHINE
24,09.30 - 10.00,Kerstin Hoepfner,25+5,"Overview talk on upgrades, future plans and prospects of the CMS experiment at the future HL-LHC"
24,10.00 - 10.30,Mario Buscemi,25+5,The Pierre Auger Observatory: latest results and future perspectives
24,12.00 - 12.30,Andrej Kugler,25+5,Flow at SIS energies - overview of SIS18 results and prospect for SIS100
24,12.00 - 12.30,Sorin Paraoanu,25+5,Experimental realization of a shortcut to adiabaticity by synthetic Aharonov-Bohm effect in a qutrit
24,12.00 - 12.40,Anna Pachol,35+5,Introduction to noncommutative digital geometry
24,12.00 - 12.30,Jean Cleymans,25+5,Helmut Oeschler and Particle Chemistry in Heavy Ion Collisions
24,12.30 - 13.00,Daniel Sheehan,25+5,Statistical superdegeneracy and quantum foundations
24,12.30 - 13.00,Chi Yang,25+5,The STAR detector upgrade and future plan
24,12.30 - 13.00,Krzysztof Redlich,25+5,Linking the particle yields data in HIC and lattice QCD results
24,13.30 - 14.00,ATLAS,25+5,Top quark properties and mass measurements with the ATLAS detector
24,13.30 - 14.00,Maurice de Gosson,25+5,Planck's constant as a cosmological variable: transitions from the quantum to the classical
24,13.30 - 14.10,Christopher Fritz,35+5,Noncommutative Spherically Summetric Spacetimes at Semicalssical Order
24,13.30 - 14.00,Sercan Sen,25+5,Forward Physics at CMS
24,13.30 - 14.00,Natasha Sharma,25+5,Light flavour particle production in ALICE at LHC
24,14.00 - 14.30,ATLAS,25+5,Searches for direct pair production of third generation squarks with the ATLAS detector
24,14.00 - 14.30,UNKNOWN UNKNOWN,25+5,Probing resonance matter with HADES
24,14.00 - 14.30,David Ellerman,25+5,Logical Information Theory: New Foundations for Classical and Quantum Information Theory
24,14.00 - 14.30,Norbert Neumeister,25+5,Standard Model Measurements at CMS
24,14.30 - 15.00,ATLAS,25+5,Search for pair production of new particles in ATLAS
24,14.30 - 15.00,Giuseppe Castagnoli,25+5,Fundamental mechanism of the quantum computational speedup
24,14.30 - 15.00,Cristiano Alpigiani,25+5,Ultra long-lived particles searches with MATHUSLA
24,14.30 - 15.00,Lokesh Kumar,25+5,Recent results on light hadron production from STAR TBC
24,18.30 - 18.30,, d+5,Opera gala
25,05.30 - 06.00,Mikhail Kapishin,25+5,BM@N experiment for studies of Baryonic Matter at the Nuclotron
25,05.30 - 06.00,Slava Mukhanov,25+5,Resolving the singularities in General Relativity
25,06.00 - 06.30,Kosuke Sumiyoshi,25+5,Core-collapse supernovae explored by neutrino transfer and nuclear data
25,06.00 - 06.30,Shao-Ming Fei,25+5,Quantum Uncertainty Relations and Related
25,06.00 - 06.30,Volker Friese,25+5,Physics with the CBM experiment
25,06.30 - 07.00,Ivan Kisel,25+5,Event topology reconstruction in the CBM experiment at FAIR
25,06.30 - 07.00,Giuliana Fiorillo,25+5,Overview of Dark Matter Direct Searches
25,06.30 - 07.00,Eli Cohen,25+5,Quantum Mechanics is Two-Thirds Local Realistic
25,07.00 - 07.30,Aldo Morselli,25+5,Indirect dark-matter searches with gamma-rays experiments : status and future plans from 300 KeV to 100 TeV
25,07.00 - 07.30,Avishy Carmi,25+5,Invariance uncertainty determines quantum nonlocality
25,07.00 - 07.30,You Zhou,25+5,Correlations of anisotropic flow in relativistic heavy-ion collisions at the LHC
25,08.00 - 08.30,Yuji Hasegawa,25+5,Counter-intuitive phenomena in quantum mechanics  emerging in matter-wave optical experiments
25,08.00 - 08.30,Vladimir Kekelidze,25+5,Multi Purpose Detector at NICA: Status and Prospects
25,08.00 - 08.30,Albert DeRoeck UNKNOWN,25+5,Searching for exotic long lived particles with dedicated experiments at the LHC
25,08.30 - 09.00,Fabrizio Piacentini,25+5,Weak Measurements: from Measuring Non-Commuting Observables and Testing Quantum Contextuality to Protective Measurements
25,08.30 - 09.00,Grigory Nigmatkulov,25+5,Pion and kaon Bose-Einstein correlations from the BES program at STAR
25,08.30 - 09.00,Victor Kim,25+5,Search for asymptotic QCD effects at collider energies
25,09.00 - 09.30,Avi Pe'er,25+5,Ultrafast Optical Homodyne - Measuring the Fundamental Variables of Quantum Optics $10^5$ Times Faster
25,09.00 - 09.30,Michal Eckstein,25+5,Noncommutative geometry at the new frontiers of theoretical physics
25,09.30 - 10.00,Ebrahim Karimi,25+5,Quantum Cryptography with Structured Photons
25,09.30 - 10.00,Ewa Maksymiuk,25+5,Equations of anisotropic hydrodynamics for quark and gluon fluids
25,09.30 - 10.30,Jean Iliopoulos,55+5,Gauge Theories and non-Commutative Geometry. A review
25,11.30 - 12.00,Luis Gonzalez-Mestres,25+5,The nature and origin of Quantum Mechanics
25,11.30 - 12.00,Michael Lublinsky,25+5,Initial state correlations in the CGC wave function
25,11.30 - 12.00,Sergey Mironov,25+5,Towards topological quantum computer
25,11.30 - 11.55,Mariusz Przybycien,20+5,Heavy Ion Physics (ATLAS)
25,11.30 - 12.00,Alexis Kalogeropoulos,25+5,SUSY (CMS)
25,11.55 - 12.15,Emilie Maurice,15+5,Heavy Ion Physics
25,12.00 - 12.30,Mohammed Sanduk,25+5,"The analogy of equation of rotation in complex plane with the Dirac equation, and its foundation"
25,12.00 - 12.30,Cristi Stoica,25+5,"Wavefunction collapse, conservation laws, and unitary evolution"
25,12.00 - 12.30,Christophe Royon,25+5,Forward Physics at the LHC: from the Pomeron structure to the search for anomalous coupling
25,12.00 - 12.30,Andre Sopczak,25+5,SUSY (ATLAS)
25,12.15 - 12.35,Timothy Rinn,15+5,PHENIX Measurements of Charm and Bottom Decays
25,13.00 - 13.00,, d+5,Excursion in Chania
25,19.15 - 21.00,,40+5,Excursion in Chania
25,19.30 - 20.15,Jean Iliopoulos,40+5,Η γεννεση της μαζας στο αρχεγονο συμπαν
26,05.30 - 06.00,Natalia Korolkova,25+5,Coherent Diffusive Photonics
26,06.00 - 06.30,AMARJIT Soni,25+5,:  Possible origin(s)  of RD(*) flavor anomalies
26,06.30 - 07.00,Ignatios Antoniadis,25+5,Scale hierarchies in particle physics and cosmology
26,07.00 - 07.30,Valentin Zakharov,25+5,Chiral fluids: a few theoretical issues
26,08.00 - 08.30,Giovanni Andrea Prodi,25+5,LIGO/VIRGO Overview talk
26,08.30 - 09.00,Annalisa Allocca,25+5,Status of Advanced Virgo
26,09.00 - 09.30,Peter Minkowski,25+5,Review of neutrino properties
26,09.30 - 10.00,Sandro Bravar,25+5,The Hyper-Kamiokande Experiment
26,10.00 - 10.30,Tomasz Skwarnicki,25+5,Summary of the Workshop on Exotic Hadrons
26,12.00 - 12.30,yogesh kumar,25+5,Equation of state of quark gluon plasma using a phenomenological model
26,12.00 - 12.30,ATLAS,25+5,"Measurements of low energy observables, elastic pp interactions and exclusive production in proton-proton collisions with the ATLAS Detector"
26,12.00 - 12.30,Bernhard Schwingenheuer,25+5,Searches for Neutrinoless Double Beta Decays
26,12.00 - 12.30,David Mack,25+5,Searches for a Lepto-phobic “Dark Omega” with the GlueX Detector
26,12.00 - 12.30,Sandro Bravar,25+5,Recent Results from T2K
26,12.30 - 13.00,Craig William Evans,25+5,Towards the first measurement of matter-antimatter gravitational interaction
26,12.30 - 13.00,Smbat Grigoryan,25+5,Using the Tsallis distribution for hadron spectra in pp collisions
26,12.30 - 13.00,Lorenzo Bonechi,25+5,The MURAVES project and parallel activities on cosmic-ray muon absorption radiography
26,12.30 - 13.00,Vitaly Bornyakov,25+5,Lattice QCD at finite baryon density using analytic continuation
26,12.30 - 13.00,shihan sajeed,25+5,Invisible Trojan-horse attack
26,12.30 - 13.00,Dragos-Victor Anghel,25+5,Beyond the phenomenology of the BCS model
26,13.30 - 14.00,Yaron Hadad,25+5,On the relationship between electromagnetic curvature and acceleration of charges
26,15.00 - 15.00,, d+5,Cultural event with Classical Music
26,17.30 - 18.30,,55+5,Concert
27,06.00 - 06.00,, d+5,Excursion
27,16.00 - 17.30,,25+5,"Round Table on “High Energy Physics after the LHC” (Sergio Bertolucci, University of Bologna and ex-CERN research director, Jie Gao, CEPC institution board vice-chairman and chairman of the Asia Linear Collider Steering Committee, Victor A. Matveev, director of JINR, Russia, Tatsuya Nakada, EPFL Lausanne, CH, chair of the linear collider board (TBC), Albert de Roeck, CERN, leader of the CERN neutrino group, Frank Zimmermann, CERN, deputy leader of FCC, John Womersley, Director General of the European Spallation Source, Moderator: Michael Koratzinos, Univ. of Zurich, CH)"
28,05.30 - 06.15,John William Womersley,40+5,The challenges of large infrastructure physics projects in the 21st century
28,06.15 - 06.55,Jie Gao,35+5,The CEPC/SppC project: status and challenges
28,06.55 - 07.30,Davide Gamba,30+5,Status and plans of the Compact Linear Collider project
28,07.00 - 07.30,ATLAS,25+5,Recent Tests of the Standard Model with Multi boson final states at the ATLAS Detector
28,07.00 - 07.30,Indrani nilima,25+5,The fate of Quarkonia in an Anisotropic hot QCD medium within a Quasi-Particle Model
28,07.00 - 07.25,Swagata Mukherjee,20+5,Search for Charged Lepton Flavour Violation at CMS
28,08.00 - 08.30,Johannes Hoelck,25+5,Electromagnetic field effects on ϒ meson suppression in PbPb collisions at LHC energies
28,08.00 - 08.30,Denise Hellwig,25+5,Double Chooz double-detector results
28,08.00 - 08.35,Erik Adli,30+5,AWAKE: the proton-driven plasma wakefield accelerator experiment at CERN
28,08.00 - 08.30,Elena Luschevskaya,25+5,Magnetic structure of vector mesons in lattice QCD
28,08.00 - 08.10,Augusto Sagnotti,05+5,TBA
28,08.10 - 08.55,Nikos Irges,40+5,Non-perturbative Gauge-Higgs Unification
28,08.30 - 09.00,Wenqing Fan,25+5,Low Momentum Direct Photon Measurement
28,08.30 - 09.00,Aleksandr Korol,25+5,Measurement of the hadronic cross sections with the CMD-3 and SND detectors at the VEPP-2000 collider
28,08.30 - 08.50,Konstantin Astapov,15+5,TBA
28,08.35 - 09.10,Mario Antonelli,30+5,Low emittance muon beam for multi-TeV muon collider
28,08.50 - 09.15,Elena Solovieva,20+5,Excited Charmed Baryons
28,08.55 - 09.40,Silvia Nagy,40+5,Supergravity as Yang-Mills squared: from classical to quantum
28,09.00 - 09.30,ATLAS,25+5,Top quark production cross-section measurements
28,09.00 - 09.30,Daniele Fasanella,25+5,Collective phenomena from high energy proton-proton to heavy-ion collisions at the LHC
28,09.00 - 09.30,Wangmei Zha,25+5,Calculations of coherent photon-nucleus and photon-photon interactions in hadronic A+A collisions at RHIC and LHC
28,09.15 - 09.40,ATLAS,20+5,Probing QCD with Photons and Jets at the ATLAS Detector
28,09.30 - 10.00,Georgios Karathanasis,25+5,Search for new physics in events with two low momentum opposite-sign leptons and missing transverse energy at √s = 13 TeV
28,09.30 - 10.00,Anisa Khatun,25+5,The measurement of J/$\Psi$ production as function of  multiplicity in pp and p-pb collisions with ALICE
28,09.40 - 10.05,ATLAS,20+5,Tracking and Vertexing with the ATLAS Inner Detector in the LHC Run2 and Beyond
28,09.40 - 10.25,Fabio Riccioni,40+5,TBA
28,10.00 - 10.30,Sonja Kabana,25+5,TBA
28,12.00 - 12.30,https://me.yahoo.com/a/NjbRTy15qdwcUkUX_tupKsRRNjAALA--#0d66d Zlatanovic,25+5,Geodesic mapping for non-symmetric gravitation theory (NGT) with torsion
28,12.00 - 12.30,Cristi Stoica,25+5,The Standard Model Algebra
28,12.00 - 12.30,AMARJIT Soni,25+5,Advances in Direct CP violation
28,12.00 - 12.30,Sergey Godunov,25+5,Critical nucleus charge in a superstrong magnetic field
28,12.00 - 13.00,Paolo Natoli,55+5,TBA
28,12.30 - 13.00,Wenqing Fan,25+5,Recent PHENIX results on high-pT light hadron production
28,12.30 - 13.00,Jens Eisert,25+5,"Quantum simulators, boson sampling, and the quest for superior quantum devices"
28,12.30 - 13.00,Giulia Ricciardi,25+5,Tensions in the flavour sector
28,13.30 - 14.00,Claudio Ciofi degli Atti,25+5,Nuclear effects in high-energy physics based upon a realistic treatment of short-range nucleon dynamics in nuclei
28,13.30 - 14.00,Maxim Fitkevich,25+5,Dilaton gravity with a boundary: current progress
28,13.30 - 13.50,Anthony Lionti,15+5,Search for magnetic monopoles with the MoEDAL forward trapping detector in 13 TeV proton-proton collisions at the LHC
28,13.30 - 14.00,Igor Bulyzhenkov,25+5,Modified Navier-Stokes equation for conceptual tests of pure field physics
28,13.30 - 14.15,Andrea Campoleoni,40+5,Higher spins in 3D: from AdS to flat space
28,13.30 - 14.00,Lev Lipatov,25+5,ΤΒΑ
28,14.00 - 14.30,Predrag Dominis Prester,25+5,Pontryagin trace anomaly
28,14.00 - 14.30,Rulin Xiu,25+5,Inflation Scheme Derived From Universal Wave Function Interpretation of String Theory
28,14.00 - 14.30,Georgios Pavlos,25+5,Complexity and unification in Physical theory
28,14.15 - 15.00,Alessandro Tomasiello,40+5,Recent progress on M5-branes at singularities
28,18.30 - 19.30,,55+5,Concert
29,05.30 - 06.00,Luis Gonzalez-Mestres,25+5,The physical vacuum in standard theories and in alternative approaches
29,05.30 - 06.00,Raffaele Del Grande,25+5,Low-energy K$^-$ interaction with light nuclei by the AMADEUS collaboration
29,05.30 - 06.00,Steven Laurens Manly,25+5,Snapshots of neutrino oscillation physics today and a preview of tomorrow
29,06.00 - 06.30,Sergey Godunov,25+5,Domain Walls in the Early Universe and Generation of Matter and Antimatter Domains
29,06.00 - 06.30,elke-caroline Aschenauer,25+5,The Electron Ion Collider
29,06.00 - 06.30,Konstantin Gusev,25+5,LEGEND: new opportunity to discover the neutrinoless double beta decay
29,06.00 - 06.45,Carlo Angelantonj,40+5,TBA
29,06.30 - 07.00,Francesco Terranova,25+5,The CUORE and CUORE 0 experiments at LNGS
29,06.30 - 07.00,Alessio Porcelli,25+5,Recent Borexino results and perspectives of the SOX measurement
29,06.30 - 07.00,Hovik Grigorian,25+5,Cooling of Compact High Mass Twin Stars
29,06.45 - 07.30,Emilian Dudas,40+5,TBA
29,07.00 - 07.30,Lorenzo Bonechi,25+5,Overview of LHCf results for Cosmic Ray Studies
29,07.00 - 07.30,Sergey Dmitrievsky,25+5,New results from the OPERA experiment
29,08.00 - 08.25,Boris Levchenko,20+5,New lepton pair production process and possibility of it study at the LHC
29,08.00 - 08.30,Constantinos Constantinou,25+5,Hot and dense nuclear matter in astrophysics
29,08.00 - 08.25,Takashi Asada,20+5,Directional dark matter search with nuclear emulsion
29,08.00 - 08.45,Dario Francia,40+5,TBA
29,08.25 - 08.55,Andrzej Bozek,25+5,The Belle II Experiment
29,08.25 - 08.50,Pablo G. Ortega,20+5,Hadronic molecules in a constituent quark model
29,08.45 - 09.30,Domenico Seminara,40+5,TBA
29,08.50 - 09.15,Shabana Nisar,20+5,Forward-backward asymmetry in top production through z' bosons
29,09.30 - 10.15,Tsamis Nikolaos,40+5,TBA
29,12.00 - 13.00,Luciano Rezzolla,55+5,TBA
29,13.30 - 14.00,Marios Petropoulos,25+5,TBA
29,14.00 - 14.30,Sergio Bertolucci,25+5,LBNF/DUNE: status and future plans (Preliminary title TBC)
29,14.30 - 15.00,Frank Zimmermann,25+5,"Accelerators in the 21st century (Preliminary title, TBC)"
29,15.00 - 15.30,,25+5,Сlosing of the conference
